"state","local","mean","q025","q05","q25","q50","q75","q95","q975"
"Abia","Aba North",245825.278,151870.125,166073.7,206833,238400,275584.5,348734.65,380786.45
"Abia","Aba South",380211.9108,248613.75,267296.6,325813.25,370493,422451.75,521501.35,565143.075
"Abia","Arochukwu",146354.5149,66273.9,78563.3,115947,138293.5,164738.25,243310.75,278896.45
"Abia","Bende",236492.5846,107079.8,126417,187272.75,224031.5,266464.5,391307.25,448188.4
"Abia","Ikwuano",153494.9633,70809.75,82866.55,121828.25,145423.5,172650.75,253648.65,290833.375
"Abia","Isiala-Ngwa North",231792.9538,105602.525,123896.65,183801.75,219708,261120.25,384167.35,439246.825
"Abia","Isiala-Ngwa South",267528.7557,121869.55,143344.75,211798.25,253463.5,301163.5,443706.1,508978.425
"Abia","Isuikwuato",185895.9741,84140.55,99296.15,147109.5,176119.5,209838,308662.2,354202.775
"Abia","Obi Nwga",463748.4541,266921.225,293754.55,385317,444505.5,513216,699686.75,790273.025
"Abia","Ohafia",199576.7376,115743.6,127873,166443.5,191316,220377.5,298451.65,340134
"Abia","Osisioma Ngwa",558677.8389,369750.15,395582.15,478990,541729,615827.25,773453.65,838222.275
"Abia","Ugwunagbo",86627.5702,44345.95,50520.9,70270.25,82531.5,96766.25,136595.05,157105.075
"Abia","Ukwa East",67470.8249,30746.7,36102.45,53481.25,63982.5,75971.25,111428.55,128706
"Abia","Ukwa West",106842.7926,48577.125,57211.9,84720.75,101210,120177.75,176963.3,203309
"Abia","Umu-Nneochi",220614.5579,100069.225,118063.8,174842.25,208877,247666,364622.6,417859.75
"Abia","Umuahia North",308068.8085,207150.725,221591.15,265375,298241.5,337488.25,422587.95,464511.825
"Abia","Umuahia South",224345.4052,123551.925,138473.2,184891.25,214858.5,248462.75,343823.2,392436.9
"Adamawa","Demsa",150469.6337,98128.05,106043.5,131055.75,147003.5,165335,205376.25,223341.6
"Adamawa","Fufore",239979.6884,186235.675,193613.75,218428.75,237602.5,258390.25,294924.9,310428.3
"Adamawa","Ganye",192931.6416,142694.55,148516.6,167198.75,186621.5,212401.25,257762.25,273687.25
"Adamawa","Girei",181186.8923,143276.8,148694.5,166368.5,179480,194269.75,219656.55,228929.3
"Adamawa","Gombi",200932.5643,156824.325,162358.85,182229,198258,217284.25,248429.15,259494.3
"Adamawa","Guyuk",136843.6889,81517.975,86623.8,107688.75,128866,161547.75,207766.35,222154.5
"Adamawa","Hong",231758.0337,132370.875,147423.8,195191.25,224808,258745,337999.55,373973.225
"Adamawa","Jada",197998.8036,149732.875,156285.55,179211.75,196339.5,214692.25,244989.85,256344.8
"Adamawa","Lamurde",78434.1592,44995.175,50097.7,65895,76037,87686.25,114374.8,126785.575
"Adamawa","Madagali",128574.8406,90728.45,96265,114168.5,127125,140741.5,166181.8,176245.75
"Adamawa","Maiha",94183.1496,61614.55,66216.55,81376.5,91804.5,103933.5,130246.1,142606.8
"Adamawa","Mayo-Belwa",197334.9529,151835.975,156750.75,176155.75,193724,214735,250108.7,263211.45
"Adamawa","Michika",158182.441,90855.075,100959.5,133172.75,153415,176479,230520.35,254908.55
"Adamawa","Mubi North",180307.1535,146609.85,150991.9,167002.25,179047.5,191754.75,213552.5,221206.125
"Adamawa","Mubi South",170740.0858,136197.5,141219.2,156736,168712.5,182627,206873.45,216175.125
"Adamawa","Numan",80331.0079,59169.675,62090.75,71988.5,79139.5,86928.25,102785.4,110249.225
"Adamawa","Shelleng",121762.492,78026.75,83357.7,102617,120056.5,139425.75,164320.35,172534.925
"Adamawa","Song",239863.3654,189708.225,196800.7,220020.25,237115.5,256931.5,291545.6,304945.825
"Adamawa","Toungo",49834.2979,28612.85,31810.7,41906.75,48426,55697.25,72571.8499999999,80745.4
"Adamawa","Yola North",206303.3767,171561.6,176606,192724.25,204868.5,218021.75,240686.95,250016.075
"Adamawa","Yola South",368752.0384,307294.625,316703.6,344832.25,366258.5,389908.5,428971,443061.225
"Akwa Ibom","Abak",161657.0086,128340.875,132160.3,145032.25,155793,171537.5,213036.2,229393.2
"Akwa Ibom","Eastern Obolo",19312.3599,13035.75,14208.85,17314.75,19022.5,20877,25254.75,27574.05
"Akwa Ibom","Eket",231350.8815,177934.925,185725.65,212990.75,231843,249101.5,276371.65,286211.675
"Akwa Ibom","Esit Eket",53616.3324,36129.675,39522.7,48096.25,52749,58002,69960.45,76244.5
"Akwa Ibom","Essien Udim",115335.0762,89583.5,93066.85,103345.75,111720,123424.75,149858.6,160514.35
"Akwa Ibom","Etim Ekpo",91539.0515,68827.925,72844.95,83443,90089,98241.25,114740.9,121810.125
"Akwa Ibom","Etinan",78133.4383,59902.35,62544.85,69963.5,75919,83685.5,101558.1,109210.575
"Akwa Ibom","Ibeno",44222.9481,31720.775,34062.6,40128.25,43650,47547.75,55974,60249.125
"Akwa Ibom","Ibesikpo Asutan",202048.984,158136.025,164434.3,184561.25,199442.5,216388.5,246690.05,261487.1
"Akwa Ibom","Ibiono Ibom",104322.6338,78103.075,82746.85,95309,103231.5,111632,129839.25,138600.025
"Akwa Ibom","Ika",37501.5796,25389,27730.85,33717.5,36898,40514.25,49023.6,53651.2
"Akwa Ibom","Ikono",116095.6231,80047.975,85821.25,104964.25,116938.5,127293.25,143703.25,149724.8
"Akwa Ibom","Ikot Abasi",124116.7133,87762.95,94582.6,112823.25,123800.5,134310.25,155560.05,164898.6
"Akwa Ibom","Ikot Ekpene",227297.7474,179109.025,186425.6,209373.25,225384.5,243281,273260.55,284749.6
"Akwa Ibom","Ini",96777.1229,70051.975,74664.75,88585.5,96517.5,104789,118861.6,124890
"Akwa Ibom","Itu",141059.5835,110892.975,115596.8,129347.5,139357.5,151064.25,171762.65,179105.675
"Akwa Ibom","Mbo",69092.5893,44908.825,49126.95,62168,69279,75754.5,88234.35,93577.05
"Akwa Ibom","Mkpat Enin",82999.1979,62822.95,66027.35,75454,81616,89020.5,104255.15,110220.4
"Akwa Ibom","Nsit Atai",46886.9437,34182.825,36376.45,42214.5,45859,50391.25,60792.55,66340.05
"Akwa Ibom","Nsit Ibom",55409.4971,41838.8,44474.7,50780.75,54902.5,59410.25,68050.1,72087.05
"Akwa Ibom","Nsit Ubium",88812.3168,66246.95,69368,78928.5,85744.5,94897.75,119998.8,131857.675
"Akwa Ibom","Obot Akara",74362.8989,56463.675,59233.6,66892.75,72504.5,79515.75,95873.45,103758.575
"Akwa Ibom","Okobo",61470.6669,42497.575,46066.3,55623.75,60964,66607.25,78358.35,83267.7
"Akwa Ibom","Onna",69201.6557,52198.925,54769.6,62230.75,67523,74109.25,89461.25,96682.225
"Akwa Ibom","Oron",119312.8096,79462.9,86191.6,105387.75,117254,130324.5,158943.65,173282.225
"Akwa Ibom","Oruk Anam",136993.3138,94470.5,101710.45,124394.75,137027,149061.75,170985.15,181758.2
"Akwa Ibom","Udung Uko",20599.6845,13825.9,15119.8,18359,20241,22359.25,27132.05,29455.05
"Akwa Ibom","Ukanafun",107806.5606,76740.4,82425.55,97498.25,106340,116221.25,138479.1,148027.125
"Akwa Ibom","Uruan",117372.1739,88104.15,93036.65,106153.25,115155.5,125959.25,149138,159665.325
"Akwa Ibom","Urue Offong-Oruko",48854.2567,32918.875,35992.3,43865.5,48020.5,52944,63592.2,69047.575
"Akwa Ibom","Uyo",542051.0411,407124.85,425238.9,484699.25,531606.5,588581,691708.15,730689
"Anambra","Aguata",436697.0714,217804.375,244445.05,328501.25,394020.5,491539.25,767524.299999999,922093
"Anambra","Anambra East",102936.7594,60014.95,65898.9,82381.25,95188.5,114106.5,164893.9,190692.725
"Anambra","Anambra West",27477.1951,13463.75,15507.75,20649.5,24786,30985.25,48350.05,57860.8
"Anambra","Anaocha",164136.1385,81522.85,92463.85,123653.75,148042,184828.25,289805.799999999,347360.15
"Anambra","Awka North",65268.241,32341.5,36594.6,49203.75,58914,73376.75,114908.05,138649.05
"Anambra","Awka South",243014.3155,121868.475,136554.25,182684,219074,273916,427853.4,510268.175
"Anambra","Ayamelum",75584.5071,37705.6,42601.85,56854.25,68125,85186.5,133114.5,158485.175
"Anambra","Dunukofia",76836.4904,38381.925,43307.6,57936.5,69230,86538.25,135299.4,161903.25
"Anambra","Ekwusigo",247284.6498,123495.1,138731.9,186023.5,222865.5,278015.25,433270.5,523479.499999999
"Anambra","Idemili North",575468.8109,367259.125,392634.55,477865.25,544289.5,635955.75,848924.25,961407.475
"Anambra","Idemili South",241855.6171,120701.7,136060.8,182321.5,218078.5,271491.25,426340.6,508343.4
"Anambra","Ihiala",357811.2608,178276.275,200753.55,269662.25,322643.5,402420,631506.95,754798.925
"Anambra","Njikoka",192143.9473,96062.475,107935,144459.5,173277,216038.5,336458.85,402176.75
"Anambra","Nnewi North",221114.916,108863.6,122515.6,164784.5,198689,250393.25,389695.1,466207.325
"Anambra","Nnewi South",212751.7749,105946.1,119651.75,160133,191945.5,239504.5,375448.15,447730.175
"Anambra","Ogbaru",160155.3636,108255.475,114964.75,136133.5,154412.5,177251.25,224064.8,247324.625
"Anambra","Onitsha North",202210.3353,137498.575,145410.5,174366.75,196529.5,222902.25,277991.65,299501.925
"Anambra","Onitsha South",84706.0179,51123.575,55266.15,69620.25,81718,95838.25,124770.35,136425.575
"Anambra","Orumba North",117156.0359,57950.85,65663.3,88216,105575.5,131750,207839,247393.15
"Anambra","Orumba South",169796.0113,84195.45,95127.55,127732.25,153038,191142.75,299671,355846.85
"Anambra","Oyi",254355.5521,153799.525,167089.15,206094.5,236435.5,280785.5,399198.65,459658.6
"Bauchi","Alkaleri",362218.7402,267717.925,282764.85,326756.5,358346,393862,455457.8,479082.05
"Bauchi","Bauchi",1106399.6867,828899.65,867479.6,994339,1090313,1197092.75,1389871.15,1487667
"Bauchi","Bogoro",73421.4601,55278.825,57905.7,65846.75,72147,79406.5,93149,99513.1
"Bauchi","Dambam",186966.9639,131000.925,140630.8,166182.75,184000.5,203825,243647.3,261835.55
"Bauchi","Darazo",374451.2703,263875.05,283656.8,334448,368200.5,407049.25,485153.15,519675.85
"Bauchi","Dass",68763.5707,48327.75,52169.2,61517.75,67590.5,74783.75,89045.55,95106.925
"Bauchi","Gamawa",324234.8112,225601.325,242950.3,291508.25,322987.5,354992.75,409346.3,430459.25
"Bauchi","Ganjuwa",492864.8898,372009.8,386993.75,442551.75,484999.5,533687.75,623513.4,659426.15
"Bauchi","Giade",194222.8249,141596.85,150331.6,173545.25,191026.5,210901.25,249451.3,264964.575
"Bauchi","Itas-Gadau",269534.8425,190290.625,203844.6,241824.75,266338.5,294031.25,343199,365560.025
"Bauchi","Jama'are",78398.9897,54978.8,59329.7,70017,77041,85412,101598.35,108435.175
"Bauchi","Katagum",509023.2961,397325.7,413793.45,465143.75,504380.5,547563.75,620406,652293.275
"Bauchi","Kirfi",169863.8847,119024.925,128245.45,152640.5,168526,185846,215489.7,228921.35
"Bauchi","Misau",254129.1898,194667.1,204918.95,231636,250864.5,272806.5,312152.95,331940.175
"Bauchi","Ningi",402363.3813,300919.7,316649.45,363717.75,398186,436794,501341.15,526426.825
"Bauchi","Shira",301452.7932,220888.1,233583.35,268239.75,294302,325744.75,390720.55,420078.425
"Bauchi","Tafawa-Balewa",224143.708,171499,178482.1,201344,219801.5,241822.75,284015.85,304004.15
"Bauchi","Toro",427405.9482,300885.75,324154.4,382543.5,419995,464997.75,553749,591539.1
"Bauchi","Warji",100757.2783,74039.825,78479.8,89958.75,98785,109427.25,129339.85,137362.5
"Bauchi","Zaki",258412.4826,174612.425,188677.2,231691.75,257012,284014,329520.5,347537.825
"Bayelsa","Brass",55998.3922,32135.925,35830.7,46623.75,53939,62537.25,83129.85,93654.8
"Bayelsa","Ekeremor",102513.8792,68886.4,72511.9,85487.25,97365.5,113996,149328.15,165739.5
"Bayelsa","Kolokuma-Opokuma",48605.1011,28165.825,30648.9,40410.75,48199.5,55757.75,68372.2,73198.25
"Bayelsa","Nembe",32004.9445,20307.675,21825.75,26361,30199,35438.5,48261.15,54288.25
"Bayelsa","Ogbia",154405.6104,93792.9,101893.75,129290,149494.5,172994.25,221453.65,245743.125
"Bayelsa","Sagbama",103732.1235,69049.725,74120.9,89635,101130.5,114781,141533.05,152672.35
"Bayelsa","Southern Ijaw",136499.6541,96827.9,101202.6,117376.25,131788,150655,188300.15,204122.65
"Bayelsa","Yenegoa",466191.9304,385909.55,397482,435165,463149.5,493583.5,544836.4,563895.575
"Benue","Ado",97320.3358,48260.325,54955.95,73301.5,87981,109888.25,171918,204764.025
"Benue","Agatu",97127.425,48014.725,54103.95,72664.5,87666.5,110121.5,172002.9,204858.625
"Benue","Apa",156849.381,77467.05,88301.15,117674.75,141712.5,177262.5,276981.5,330108.2
"Benue","Buruku",203786.1252,101194,114958.6,153637,183922,230095.75,359204,428008.725
"Benue","Gboko",366013.4358,244264.925,260100.45,309636,348497.5,402146.25,525205.9,586045.025
"Benue","Guma",137860.6573,68118.9,77957.3,103752.5,124459.5,155634.25,243913.55,291104.375
"Benue","Gwer East",173199.4237,85947.925,97691.7,130412,156339,195258.25,305207.6,363374
"Benue","Gwer West",99899.19,49559.625,56233.5,75140.25,90258,112351.25,175343.85,209633.125
"Benue","Katsina-Ala",411120.5548,203903.475,232526.2,309522.5,371297,464747.25,727584.049999999,863517.325
"Benue","Konshisha",191629.5787,95322.075,108146.1,144330.5,173168,216748.75,337269.35,405482.025
"Benue","Kwande",374194.2894,186475.2,211760.4,282006.5,337765,422162,659185,787571.399999999
"Benue","Logo",289361.0838,143142.375,163438.35,217660.5,261747,327318.25,510388.9,606509.95
"Benue","Makurdi",484382.0264,356633.6,374253.3,428458.75,472447.5,525509.25,630385.45,680754.15
"Benue","Obi",89982.8918,44390.25,50646.9,67833,81170.5,101087.25,159402.25,189094.725
"Benue","Ogbadibo",123109.639,61080.825,69317.55,92765.25,111004,138400.25,218417.55,258300.9
"Benue","Ohimini",90467.0966,44814.875,50725.7,68092.25,81766,101698,160124.05,190027.925
"Benue","Oju",123143.0426,60825.675,69381.55,92857,111147,138589.5,217250.9,258414.225
"Benue","Okpokwu",132298.7832,65616.425,74611.8,99741.75,119339,148761.75,232591.6,277723.2
"Benue","Oturkpo",159855.4928,79247.775,90032.6,120396,144358.5,180195.5,281799.5,337076.3
"Benue","Tarka",53304.5592,26584.975,30040.6,40165.75,48061,60172.25,93818.7,112025.3
"Benue","Ukum",339565.3791,168718.55,191710.25,255668.25,307023,383849.5,600141.7,715808.85
"Benue","Ushongo",124189.5578,61518.65,70264.15,93593.75,112244,140316.25,219545.05,262168.775
"Benue","Vandeikya",129127.1265,64008.65,72684.35,97170.5,116790,145770,227789.4,270921.625
"Borno","Abadam",135760.3274,54126.275,63995.1,98451,123554.5,159031.5,243477.85,291164.475
"Borno","Askira-Uba",281027.3177,111638.05,133333.7,204533.5,255595.5,327808.5,504399.35,598472.375
"Borno","Bama",250440.4888,99327.375,119101.65,182089,228073.5,293036.75,449048,533047.3
"Borno","Bayo",168992.5932,67117.775,80045.15,123034.75,153863,197284,305262.55,362113.8
"Borno","Biu",289775.9136,115249.65,136663.85,210527.25,262950,338401.5,521801.949999999,616395.55
"Borno","Chibok",118923.1077,47363.6,56394,86218.5,108021.5,138733.25,214348.2,253432.15
"Borno","Damboa",190951.26,75726.75,90849.9,138847,173721,223020,344338.8,404862.175
"Borno","Dikwa",102234.1057,40747.225,48060.55,73996.25,93116,119712.75,183339.1,219441.15
"Borno","Gubio",171860.1275,68556.575,81791.8,125006.25,156276,200666,309163.299999999,366689.1
"Borno","Guzamala",127734.4799,51126.225,60733.55,92876.25,116434,149386.25,228864.6,273328
"Borno","Gwoza",276180.7135,110363.375,131131.05,200895,251683.5,322509,494016.1,589157.099999999
"Borno","Hawul",253529.6761,100798.025,120410.3,184613.5,230720.5,295853,455700.8,541547.525
"Borno","Jere",445745.4384,281619.325,301629.65,370345,427308,498236.25,648252.75,716913.775
"Borno","Kaga",130899.3899,51974.125,61978.9,95256.5,118990,152709.75,234370.45,277857.95
"Borno","Kala-Balge",67193.308,26954.5,32014.35,48807,61187,78682.5,121223.55,143271.4
"Borno","Konduga",194740.7099,102774.6,113601.9,152114,181559.5,221701.5,316318.05,367646.5
"Borno","Kukawa",136617.853,53683.9,64008,98613.75,124352,160413,244786.15,292889.425
"Borno","Kwaya Kusar",132714.4587,53093.1,62878.05,96579.75,120781,155137.25,239212.15,285211.65
"Borno","Mafa",141063.0577,75245.275,83808.95,110951.5,131997.5,160500.75,228159.55,262619.525
"Borno","Magumeri",272045.2321,109306.925,129278.05,197528.5,247592,318469.25,491190.45,582000.9
"Borno","Maiduguri",635562.262,397278.9,426363.65,528568.5,612391.5,713156.5,915073.5,1010308.225
"Borno","Marte",154938.5883,61828.575,73696.4,112559.25,141085.5,181316,278862.3,330164.5
"Borno","Mobbar",192501.7927,76583.725,91456.5,139639,175440,224810.25,345645.6,411524.875
"Borno","Monguno",186832.2079,74286.125,88619.95,135567.75,170364.5,218820.75,334767.3,400352.975
"Borno","Ngala",145226.4957,57399.475,68662.6,105330.75,132302,169936,260817.15,311240.05
"Borno","Nganzai",143482.0664,57433.05,68125.15,104379.5,130650.5,167873.5,258439.9,305531.5
"Borno","Shani",229340.1423,91056.825,108740.35,167236.25,208600.5,267717,412476.6,490765.45
"Cross River","Abi",104224.5216,36288.975,42828.05,69351.25,94321.5,125356.25,196555.85,235520.75
"Cross River","Akamkpa",113083.7172,36449.675,44127.65,73670.5,101808.5,136539.75,216013.6,261818.55
"Cross River","Akpabuyo",150813.4611,60430.5,69702.95,104907,137564.5,178691.5,275088.4,325277.4
"Cross River","Bakassi",19336.9218,6196.975,7538.7,12562,17323.5,23440,37847,44265
"Cross River","Bekwarra",206947.6159,66962.3,80818.15,135085.5,186305.5,250080.25,398313.7,476715.2
"Cross River","Biase",102120.1199,32798.55,39855.9,66584.5,92011,123732.75,197099.05,234681.825
"Cross River","Boki",186000.0195,59784.525,73030.5,121383.75,167726,225315,358211.35,429037.3
"Cross River","Calabar Municipal",116264.7902,77198.3,82031.8,98850.5,111692,127990.5,162906.4,180662.225
"Cross River","Calabar South",468435.1919,292117.55,318350.4,394166.25,448685,514447.25,681236,766000.275
"Cross River","Etung",56484.5846,18176.9,22128.55,36742.75,50862.5,68131.5,108378.1,130036.1
"Cross River","Ikom",207818.667,89190,101728.75,148382.5,191013,244624.25,366583.4,434322.25
"Cross River","Obanliku",139015.9681,44897.55,54419.25,90617.25,125340,168309.5,268355,320369
"Cross River","Obubra",139957.2753,45232.725,54703.65,91151.5,126055.5,169530,270159.05,323646.8
"Cross River","Obudu",169041.6584,54558.225,65849.45,110088.5,152165.5,204699,324952.65,387452.4
"Cross River","Odukpani",229780.6389,97371.85,109691.1,162284.75,210528,270633.25,412629.95,484029.225
"Cross River","Ogoja",181443.2738,68700.625,79604,123466.5,164863,216542,334387.85,398837.525
"Cross River","Yakurr",166451.1264,72591.075,82420.75,119490,153441.5,195272,292258.45,340695.4
"Cross River","Yala",212311.1729,68553.275,82806.4,138438.25,191424,257361.25,410401.7,487181.4
"Delta","Aniocha North",115125.7639,57126.45,64512.65,86553.25,103834.5,129643.25,203506.75,242861.725
"Delta","Aniocha South",175655.2,96927.65,107250.35,137449.75,161118,195668.5,291706.45,344299.425
"Delta","Bomadi",38411.9059,19055.1,21651.45,28925.75,34617.5,43358,67809.9499999999,80431.375
"Delta","Burutu",56573.5592,27980.525,31734.35,42641.75,51059.5,63703.5,100106.95,119587.85
"Delta","Ethiope East",153983.2985,76908.725,86441.05,115948.25,138974,173188.5,270453.45,325114.35
"Delta","Ethiope West",217226.3796,136264.7,146581.85,178259.75,203920,239501.5,330897.7,375637.525
"Delta","Ika North East",138841.2073,71119.05,80121.95,105940.25,125876,155664.25,241152.2,286236.85
"Delta","Ika South",212473.0897,130758.925,141196.95,173540.5,198699.5,235157,328007.2,375428.325
"Delta","Isoko North",144938.9699,72308.5,81210.4,109135.25,130649.5,163009,255587.75,306151.875
"Delta","Isoko South",119714.3161,59389.675,67257.8,90257,108053,134637,211628,251557.65
"Delta","Ndokwa East",63546.1978,31650.975,35762.65,47801.5,57390,71868.25,112346.6,134048.2
"Delta","Ndokwa West",172683.9772,85653,97143.25,129991.25,155880,194799.75,304251.3,365750.725
"Delta","Okpe",100075.3753,60363.05,65409.65,81029.75,93173.5,110928.75,156178.5,179698.825
"Delta","Oshimili North",238649.4999,162935.65,172138.4,203042,227458,260021.5,341085.2,380017
"Delta","Oshimili South",197977.6817,135632.5,143464.3,170699.75,192762.5,218032.5,269287.55,293825.65
"Delta","Patani",27791.0131,13725.7,15659.85,20901.5,24997,31260.5,49059.65,58150.275
"Delta","Sapele",234314.3093,165201.975,174101.85,203334,227651,256709.5,317184.45,344292.975
"Delta","Udu",200128.0998,138201.1,147318.95,173234,193961.5,219236,274205.4,297952.75
"Delta","Ughelli North",316911.4894,181692.8,198154.5,250934.75,291250,350844,518041.85,607108.025
"Delta","Ughelli South",130100.252,71002.025,77999.9,101155.75,118993.5,144856.5,220144.35,258948.525
"Delta","Ukwuani",112091.4528,55921.6,62980.6,84517,101116,126252.25,197155.95,234838.625
"Delta","Uvwie",219953.1106,147524.85,157289.95,189413.75,213869.5,242494.5,301230.8,329551.75
"Delta","Warri North",35259.6832,17403.45,19856.85,26574.25,31822.5,39783.5,61876,74111.55
"Delta","Warri South-West",7330.4822,3595.85,4089,5510.5,6629,8271.25,13003.05,15420.225
"Delta","Warri South",235394.9836,165702.125,174915.35,205162.5,229795,257782.5,314718.75,339189.725
"Ebonyi","Abakaliki",209435.7015,152034.625,159488.35,185061,205865,229372.5,270005.8,285241.4
"Ebonyi","Afikpo North",179701.0279,117291.125,124719.75,153234.25,175822.5,201812.75,247423,265456.975
"Ebonyi","Afikpo South",97846.9439,65415.225,69798.7,83323.75,95066,108994.25,135097.35,145456.3
"Ebonyi","Ebonyi",339494.7243,255296.2,266635.9,304741,334708.5,368085.5,430190.1,453705.325
"Ebonyi","Ezza North",103808.4696,61990.6,67065.15,85548.25,100487.5,117497.25,152853.95,167933.5
"Ebonyi","Ezza South",111714.3004,68440.275,73693.9,92406.75,108770,127361.25,159805.3,174439.2
"Ebonyi","Ikwo",355238.0451,266203.175,277873.4,317826.75,349950.5,386802.5,450471.75,475497.65
"Ebonyi","Ishielu",137950.5077,78191.65,84534.4,109319.5,131376,160325,211697.25,230133.925
"Ebonyi","Ivo",143742.2859,85077.45,91719.4,118133.75,139353.5,164176.75,209395.45,226718.075
"Ebonyi","Izzi",486500.6744,290267.7,309992.4,400452.75,478458.5,561519.25,689701.75,735062.875
"Ebonyi","Ohaozara",193927.4906,103217.85,112953.2,149256.25,182589,226179.75,311427.65,342614.6
"Ebonyi","Ohaukwu",236376.7022,164776.625,174545.65,205926.5,231947,261244.5,314941.1,334826.725
"Ebonyi","Onicha",175794.9817,87983.125,97949.85,134130.75,167682,209053,276930.25,309812.05
"Edo","Akoko-Edo",126441.257,93241.675,97483.9,111090.25,122557,137069.75,168756.8,184334.1
"Edo","Egor",545306.6287,375805.725,397613.1,471647.5,532744,604447.25,740205.1,793918.025
"Edo","Esan Central",108583.4243,73032.125,78777.9,95623.75,106959,120010,142309,152313.875
"Edo","Esan North-East",177680.8083,126176.575,133857.45,157643.5,174999,194782.25,230448.55,244095.775
"Edo","Esan South-East",75780.5871,54993.975,57377.4,66635.75,73807.5,82615,100173.25,108506.15
"Edo","Esan West",157251.7167,112997.475,118927.95,138355.75,154209.5,172251.5,206340.95,221292.65
"Edo","Etsako Central",79365.1006,54478.975,58447.3,69467.25,77678.5,87233.25,105702.5,113138.975
"Edo","Etsako East",121197.8272,83197.6,89496.75,106774.5,119388.5,133360.75,160446,171292.225
"Edo","Etsako West",223420.4155,163924.925,171669.8,197592.25,218123,243482,292323.2,313632.225
"Edo","Iguegben",53344.5201,36646,39240.65,46763,52113.5,58324.25,71173,76817.5
"Edo","Ikpoba-Okha",826000.1532,596376.525,625107.3,725233,807270.5,905626.75,1087528.3,1161790.25
"Edo","Oredo",495685.3049,341210.05,363252.95,431653.5,485486.5,547236.75,659675.1,705118.35
"Edo","Orhionmwon",142292.2916,95689.65,103717.55,125356.5,140194.5,156862.5,187595.55,200374.1
"Edo","Ovia North-East",238742.5167,168591.025,179478.8,211413.5,235475,261971.75,307643.5,327105.775
"Edo","Ovia South-West",113198.9258,81086.825,85103.75,98388.5,109126.5,122901.5,154026.55,169063.925
"Edo","Owan East",97431.8807,68647.85,72528.7,85631.5,95804.5,106986.5,128456.35,136979.1
"Edo","Owan West",71964.6956,50672.975,53494.7,63486.75,70918.5,79151.75,94146.6999999999,100622.75
"Edo","Uhunmwonde",366680.6406,263388.175,277690.55,324367.25,360243,402108.5,474720.05,504764.8
"Ekiti","Ado-Ekiti",563308.2752,382225.425,410357.4,490440.75,548193.5,617545.75,760407.6,832045.35
"Ekiti","Efon",55118.8644,27257.825,31769.8,44798.5,52487,61688.5,86688.3,101310.85
"Ekiti","Ekiti East",111712.0324,55135.55,64563.3,91026.75,106374,124642.25,175805.4,203208.125
"Ekiti","Ekiti South-West",67470.3555,33100.7,38978.75,54754,64238.5,75365,106332,123205.1
"Ekiti","Ekiti West",111331.8548,54895.025,64188,90566.75,106037,124322,174891.2,204344.475
"Ekiti","Emure",64423.5307,31843.925,37268.85,52503.75,61379.5,71858.75,101116.2,118220.2
"Ekiti","Gbonyin",91611.8421,44987.7,52926.7,74720.75,87373,102128.5,144011.6,166325.525
"Ekiti","Ido-Osi",156107.9381,76662,90140.8,126968.5,148754.5,174308.75,247328.7,284450.05
"Ekiti","Ijero",155667.9321,76674.35,89985.05,126556,148303,173819.5,246575.9,284273.275
"Ekiti","Ikere",125810.0766,62624.775,73027.4,102390,119985,140468.25,197429.8,230610.85
"Ekiti","Ikole",148907.5508,73522.2,86346.1,121213,141810.5,166130,234842.5,272496.05
"Ekiti","Ilejemeje",28278.8962,13934.9,16293.95,22964.75,26902.5,31567.75,44642.05,51578.15
"Ekiti","Irepodun-Ifelodun",114916.1097,70868.2,77410.95,98115.25,111019.5,126030.25,164727.15,186572.4
"Ekiti","Ise-Orun",82734.8123,40594.175,47605.8,67096.75,78771,92577.5,130227.6,152124.025
"Ekiti","Moba",96584.7533,47657.85,55741.7,78460.25,91976.5,107945.75,152754.15,176838.65
"Ekiti","Oye",99727.5589,49290.8,57738.4,81093.5,95022,111302.5,156581.75,182023.225
"Enugu","Aninri",107066.2583,53365.95,60485.9,80694.5,96409,120636.5,190305.15,224622.8
"Enugu","Awgu",150902.5749,74871.15,84794,113706.75,135983.5,169670,267391.75,316205.525
"Enugu","Enugu East",328431.374,229079.425,243255.85,285922.25,320227,359939,439960.4,473977.275
"Enugu","Enugu North",265167.8108,187148.925,196738.95,231277.5,258760,291504,353156.85,380536.9
"Enugu","Enugu South",203455.5005,125438.15,136191.1,169791.5,196696.5,227946.75,291363.35,323276.9
"Enugu","Ezeagu",179742.0722,89574.2,101108.65,135529,161984.5,202121,317419.3,376027.4
"Enugu","Igbo-Etiti",113133.8798,56411.5,63684.6,85298.5,102039,127359.75,198820.1,236553.875
"Enugu","Igbo-Eze-North",108773.394,53868.6,61504.8,81914.75,98162,122821,192348.95,228177.825
"Enugu","Igbo-Eze-South",97396.0604,48217.825,55066.65,73485.75,88011,109737.5,171460.7,204206.65
"Enugu","Isi-Uzo",111648.6699,55576.9,62927.1,84120,100677.5,125966.5,196935.35,234140.05
"Enugu","Nkanu East",130290.9692,64782.525,73531.15,98130.25,117377,146696.5,230054.4,273621.475
"Enugu","Nkanu West",96747.5779,48948.9,55118.95,73256,87342,108687.25,168851.1,201218.75
"Enugu","Nsukka",370878.1713,184139.95,209285.45,279431,334220.5,417825.75,653707.6,771892.75
"Enugu","Oji-River",89078.976,44267.85,50188.3,67145.75,80319.5,100134,157587.55,185775.825
"Enugu","Udenu",142060.8562,70639.2,80109.4,107144,128226,160221.5,249930.6,297771.075
"Enugu","Udi",267391.4286,133402.25,150811.45,201566,240864,301145.25,471294.8,557346.825
"Enugu","Uzo-Uwani",92694.5514,45837.075,52141,69764.5,83694.5,104396.75,163840.8,195105.425
"Fct, Abuja","Abaji",137510.4396,101307.625,107756.85,125223.5,136196.5,148717.25,170768.55,179252.225
"Fct, Abuja","Bwari",728784.3978,605300.425,620940.95,677609.5,720537,769060.75,865517.4,907375.525
"Fct, Abuja","Gwagwalada",522133.3055,423689.9,438201.95,485939.25,519690.5,554268.5,614207.3,636624.4
"Fct, Abuja","Kuje",292352.9377,233211.4,242690.3,270910.5,291245.5,311955.75,346926.55,359948.3
"Fct, Abuja","Kwali",236750.4312,187065.75,195459.6,219046,235218,253024.75,282142.55,293938.9
"Fct, Abuja","Municipal Area Council",1913131.5922,1622184.45,1662922.4,1798391,1897228.5,2014843.5,2210247.5,2284782.225
"Gombe","Akko",548030.2024,263644.4,296325.4,412397.5,503127.5,629353,932124,1078132.425
"Gombe","Balanga",214769.5019,91457.375,105358.25,156063.25,194770,250043.5,383747,445299.55
"Gombe","Billiri",177841.587,76101.675,87081.9,128970.5,161140,207035.5,317757.1,372449.9
"Gombe","Dukku",256370.1804,108980.7,125083.65,185278.5,232261,297984.25,457663.75,534898.75
"Gombe","Funakaye",207208.1497,87422.275,100716.75,149285,187507.5,240716.75,371692.45,432683.1
"Gombe","Gombe",285470.5997,191379.25,204606.15,247113.75,279621.5,316584.75,384557.2,414948.35
"Gombe","Kaltungo",174806.4627,74633.425,85280,126458.5,158235.5,203569,312382.5,364213.325
"Gombe","Kwami",300006.3653,143458.75,161415.95,225163.25,275602.5,345529.75,511590.3,592900.1
"Gombe","Nafada",93525.7254,39901.025,45684.55,67669.25,84807,108925.5,167142.25,194434
"Gombe","Shomgom",134735.1645,57397.225,65888.2,97677.5,122161.5,157072.5,241192.1,280544.3
"Gombe","Yamaltu-Deba",468311.0687,212237.45,240777.15,345391.75,426575.5,541620.75,819636.85,949609.225
"Imo","Aboh-Mbaise",294875.8995,133816.75,157965.45,233395.25,278828.5,331184.5,489964.8,559114.1
"Imo","Ahiazu-Mbaise",246518.3252,111684.375,132406.4,195037.75,233519.5,277399.75,407970.5,469054.75
"Imo","Ehime -Mbano",237419.3011,107471.925,127275.85,187650,224707,267222.75,393657.5,450147.5
"Imo","Ezinihitte",227651.9544,103190.7,121696.4,180189.5,215419.5,255720.75,377322.05,433747.125
"Imo","Ideato North",401331.2199,180852.2,213850.8,316253.75,379806.5,452439.5,663247.25,765243.725
"Imo","Ideato South",134290.1285,60548.75,71873.55,106066.75,127152.5,151361,221299.3,256503.925
"Imo","Ihitte-Uboma",135298.9168,61381.3,72378.3,107009,128118.5,152023.25,223254.05,256473.15
"Imo","Ikeduru",367991.7583,167136.9,197168.75,291397.75,348739.5,413460.75,609391.95,699470.6
"Imo","Isiala Mbano",462750.3562,209228.85,247708.35,365973.5,438202.5,519958,768983.6,875888.75
"Imo","Isu",169808.3465,76995.9,91151.9,134389.25,160801,190529.5,280896.95,323399.25
"Imo","Mbatoli",370473.7565,178266.45,206186.5,296798.5,352363.5,414838.75,600920.25,686691.05
"Imo","Ngor-Okpala",280193.0456,128442.275,149998.45,222154,265601.5,315320,464044.9,531519.4
"Imo","Njaba",254749.9835,115484.375,136466.6,201401.5,241072.5,286704.25,422172.4,482560.15
"Imo","Nkwerre",115168.9138,51827.1,61613.25,90548.75,108883.5,129862.75,190928.8,220115.725
"Imo","Nwangele",233379.408,105123.2,125026.65,184386.5,220921.5,262685.75,385443.3,445225.325
"Imo","Obowo",218732.096,98865.875,117300.95,173124.75,207073,245898.75,362309.3,416880.2
"Imo","Oguta",140054.3646,63601.525,75138.25,110774.25,132656,157658.75,233211.8,268368.8
"Imo","Ohaji-Egbema",331298.7712,152820.1,178157.15,263125,313510.5,372848.25,547137.95,625517.7
"Imo","Okigwe",228653.5553,103810.4,122473.8,181165.5,216545,257177.5,377125.75,436771.975
"Imo","Onuimo",132330.6565,59874.175,70644.95,104914,125345.5,148943,218819.7,253291.575
"Imo","Orlu",397624.0214,179552.75,211878.5,312809.25,375472.5,448396.5,660396.6,760184.925
"Imo","Orsu",222095.0477,100444.95,118493.65,174775,210076.5,250562.25,368280.1,423782.15
"Imo","Oru East",273397.3517,123937.5,146365.7,216378,258493,307754.75,453538.3,519355.375
"Imo","Oru West",244718.2341,110646.85,131091.9,193804.75,231715.5,275169.25,406271.85,465561.675
"Imo","Owerri Municipal",276963.3949,184564.25,195320,232569.5,265486,303427.75,387023.3,428420.625
"Imo","Owerri North",395069.9085,273008.8,289155.25,342133.5,382736,431339,530912.9,578502.35
"Imo","Owerri West",358703.3373,240835.375,256456.85,309364.5,348379,393984.5,492907.65,539822.725
"Jigawa","Auyo",110535.3455,56857.575,64063.15,88672,106033,126248.25,171738.7,193933.475
"Jigawa","Babura",318938.3139,164166.9,186091.75,256213.75,306069.5,364286.25,494579.55,557511.225
"Jigawa","Biriniwa",199557.837,102606.5,116142.4,160312.25,191324,227784,310585.1,352596.675
"Jigawa","Birnin Kudu",501384.8795,258747.875,291956.95,402419,480892.5,572253.25,779395.3,879211.35
"Jigawa","Buji",157120.4794,81019.025,91343.4,126163,150607.5,179305,244351.7,276793.575
"Jigawa","Dutse",463492.9154,294685.075,318398.55,394044.25,448995.5,513682.25,652829.6,725269.05
"Jigawa","Gagarawa",85268.174,43947.875,49483.75,68371.75,81709.5,97273.75,132849.1,150701.1
"Jigawa","Garki",229456.0766,118527.95,133308.85,184386.25,220094.5,261736.5,356923.55,403340.4
"Jigawa","Gumel",91314.2524,65397.775,68921.05,80573.5,90010.5,100084.25,118790.75,125970.275
"Jigawa","Guri",108190.9033,55853.975,62944.95,86976,103722,123337,167878.5,190671.35
"Jigawa","Gwaram",427415.6828,220578.6,249598.4,343276,409355,487262.25,665057.6,751551.25
"Jigawa","Gwiwa",99626.6547,51347.575,57535.6,79855.5,95561,113765.5,154823.5,176496.325
"Jigawa","Hadejia",104526.0674,68663.3,73484.25,89775.25,102403,116693.5,141790.6,152875.4
"Jigawa","Jahun",307127.0333,158828.6,179102.35,247191.75,294722,350624.25,477391.5,540483.6
"Jigawa","Kafin Hausa",314482.8135,162083.4,182884.8,252764.75,301670,359123.5,489297.2,553710.925
"Jigawa","Kaugama",150989.9288,77889.55,87905.7,121555,144660,171961.75,234776.35,266331
"Jigawa","Kazaure",182651.1398,93885.8,105680.95,146045.25,174416.5,209216.75,283280.65,324897.8
"Jigawa","Kiri Kasama",171061.1375,87935.7,99273.35,137267.75,164187,195323.25,265677.55,300906.775
"Jigawa","Kiyawa",290124.1109,150243.725,169115.35,233370.5,278319,330982.25,451540.8,509146.65
"Jigawa","Maigatari",153527.7741,78987.1,89354.2,123279.75,147182.5,175136.25,238919.65,268944.025
"Jigawa","Malam Madori",202428.7714,119300.625,130750.1,168178,195355,227104,298243.85,330775.65
"Jigawa","Miga",157856.0054,81400,91661.25,127158,151374.5,179831.5,245689.15,278807.8
"Jigawa","Ringim",272605.9175,140995.85,159128.3,218874.25,261470,311142.5,425293.9,478745.85
"Jigawa","Roni",106491.6266,55084.05,61836.35,85490.25,102101,121578.75,165071.8,187589.15
"Jigawa","Sule Tankarkar",207110.6545,106339.475,120495.25,166448.25,198604.5,236370.75,322456.35,363699.925
"Jigawa","Taura",195141.845,100177.325,113508.55,156661,187118,222468.75,302287.3,342295.825
"Jigawa","Yankwashi",90451.7534,46605.1,52499.45,72485.5,86666,103253.75,140533.35,159065.85
"Kaduna","Birnin Gwari",439061.7678,333678.55,348465.35,393575.5,429189,472259.75,565059.5,607100.275
"Kaduna","Chikun",702917.6707,568012.575,588174.1,650209.75,696608,747286,840122.35,876270.95
"Kaduna","Giwa",377897.4489,263860.3,282884.9,335311.25,370644.5,410091,498165.95,542285.975
"Kaduna","Igabi",825929.7055,673169.85,697925.4,766794.25,815959.5,874825.75,981386.35,1031164.825
"Kaduna","Ikara",344838.1418,251116.25,266973.95,309720.75,339861.5,373838,439285.2,468000.725
"Kaduna","Jaba",157052.3173,109349.275,117030.55,139140.75,153944,170653.5,207700.2,225627.35
"Kaduna","Jema'A",258235.1183,185369.1,197499.65,235033.5,256894.5,279869.5,321803,338943.8
"Kaduna","Kachia",338468.7953,218351.775,238242.95,300382.25,339456,376374.5,435330.45,455926.8
"Kaduna","Kaduna North",312885.45,256994.875,265017.5,291059.75,310211.5,331949.75,367986.8,382002.15
"Kaduna","Kaduna South",305109.466,243758.1,252468.75,280664.25,301574,325976,368581.2,385468.675
"Kaduna","Kagarko",306589.9636,224176.225,236939.15,272941.5,300338.5,332070.25,397679.75,426708.525
"Kaduna","Kajuru",183670.5509,128105.4,137501.45,162928.75,180043,199327.25,242085.4,263351.075
"Kaduna","Kaura",166793.101,120095.725,127861.1,148961,163497.5,180723.75,215655.2,233979.55
"Kaduna","Kauru",336285.4222,238003.575,256901.15,302567.75,332967,365921.25,427747.6,453853.3
"Kaduna","Kubau",520846.5868,396188.675,414393.55,467345.75,510789,561940.25,665776,708246.05
"Kaduna","Kudan",162827.5088,113729.65,121861.95,144364.5,159617,176431,214440.85,233931.95
"Kaduna","Lere",555958.757,443288.6,456339.1,504743,546716.5,595279.75,689002.15,726623.475
"Kaduna","Makarfi",321632.0574,223766.825,240580.65,285481.5,315148,349360,424271,459681.575
"Kaduna","Sabon Gari",320434.7833,261721.6,269858.6,296663.75,317491.5,340119,380430.8,398635.175
"Kaduna","Sanga",214063.2505,149237.875,160700.7,190825.5,210701.5,233409,278944.05,299015.1
"Kaduna","Soba",542500.2958,403946.65,422403.85,478329,526184,584942.5,730383.05,789142.15
"Kaduna","Zangon Kataf",360622.884,261636.1,277222.55,320178,351625,390494.75,474619.3,515050.25
"Kaduna","Zaria",565567.7308,451183.5,468852,523373.75,562969.5,605046.5,671839.7,698161.925
"Kano","Ajingi",239619.6164,159924.625,173839.6,212349.75,235212.5,261532.5,317343.85,345507.05
"Kano","Albasu",213533.3643,152430.85,162845.95,190510.75,209270.5,231237,279510.55,300402.275
"Kano","Bagwai",211456.3729,152360.825,161884.65,188552.75,206380.5,229046.5,276900.25,297479.25
"Kano","Bebeji",248847.2285,162588.45,178065.8,222559.75,248349.5,273945.25,319438.45,339211.275
"Kano","Bichi",445252.321,296957.325,324042.75,394628.75,437017,485762.5,588738.25,643869.325
"Kano","Bunkure",242175.3577,180492.35,188463.9,213222,234157.5,262560.25,324232.6,347386.625
"Kano","Dala",483957.1804,389332.475,402209.8,446233.5,478993.5,516476.5,584294.2,606733.25
"Kano","Dambatta",367982.7104,254260.25,271758.8,330233,366628,403066.5,468502.35,496157.425
"Kano","Dawakin Kudu",382454.3916,255423.1,277722.3,338901.5,375520,417300.25,506823.7,551604.825
"Kano","Dawakin Tofa",424208.6994,313495.55,330346.05,386453.75,422294.5,457898,526014.2,553922.1
"Kano","Doguwa",193906.3383,129281.775,140236.6,171318.25,189971,211807.75,258833.25,280329.75
"Kano","Fagge",291916.8191,236016.9,242818.1,268625.75,288609.5,311385,352247.45,369886.85
"Kano","Gabasawa",262875.5934,173168.075,188900,235390,261544,288259.75,339905.75,361968.85
"Kano","Garko",219544.2736,161970.275,171313.75,196737.25,214723,237775.75,284370.05,301532.25
"Kano","Garun Malam",150436.4323,100690,109375.6,133229.25,147521.5,164377.75,199228.1,217433.7
"Kano","Gaya",265273.4781,176222.8,189683.5,236747.75,265177.5,291978.75,340772.05,360990.775
"Kano","Gezawa",399867.5522,285387.2,301303.8,359825.25,399925,438530.5,498762.5,522742.375
"Kano","Gwale",825782.9281,655979.45,679052.35,757245.25,818906.5,884917.25,1000163.95,1042608.7
"Kano","Gwarzo",327713.614,242048.525,252069.05,282982.5,313197.5,358418.25,452573.1,487469.95
"Kano","Kabo",142131.3494,94406.225,103468.85,125813.75,139576,155182.5,188634.45,205122.55
"Kano","Kano Municipal",353763.9821,279367.025,289939.35,324287.5,349444.5,378669.5,430807,450065.6
"Kano","Karaye",225782.4229,163433.65,172493.8,197459.75,216697,244551.75,309886.7,342217.3
"Kano","Kibiya",146385.8359,97994.7,106354.2,129873.75,143577.5,159709,193954.6,211298.4
"Kano","Kiru",312943.83,231171.325,242761.85,276561.75,303636.5,338348,416935.25,451087.575
"Kano","Kumbotso",997846.4213,817951.85,840931.9,927358.25,988859.5,1059464.25,1182676.5,1229762.7
"Kano","Kunchi",211940.9125,151950.375,161838.65,188616.25,207216.5,229586.25,278374.55,300375.8
"Kano","Kura",186962.5926,124302.45,135271.8,165450.25,183385,204475,247932.45,270563.75
"Kano","Madobi",192410.5215,134195.85,143379.2,172057.25,190228,209117.5,248837.2,266130.775
"Kano","Makoda",206787.3492,126360.025,141333.3,184640.25,207217,229072,267258.35,284822.625
"Kano","Minjibir",351215.8834,239055.9,259244.85,313620.25,347923,384103,451984.45,486429.575
"Kano","Nassarawa",641461.4104,513633.45,531814.95,586667.5,631466,685528,784803.75,827816.425
"Kano","Rano",184905.243,123326.075,134583,163853,181495,201678.5,245263.8,267811.525
"Kano","Rimin Gado",101291.9619,67407.6,73783.05,89656.5,99412,110584.5,134587.25,146231.425
"Kano","Rogo",301983.413,211411.775,226563.3,272184.5,299216,328952.75,383814.25,408220.275
"Kano","Shanono",157862.9711,117341.625,121986.45,138934.75,152328.5,170950.5,212389.6,228546.725
"Kano","Sumaila",371164.5493,248164.2,269018.75,328907.75,364294,405171.5,492287.45,535256.525
"Kano","Takai",275061.9215,183968.575,199190.7,243817.75,269842.5,300505.5,364691.85,396665.375
"Kano","Tarauni",295562.1899,232334.525,243556.2,272754.75,293217.5,316038.75,354383,371322.125
"Kano","Tofa",123758.0173,78593.425,86373.95,110639.5,123679,136693,159087.6,169155.25
"Kano","Tsanyawa",169730.1318,112752.175,123052.95,150058,166146,185483,226380.1,245538.3
"Kano","Tudun Wada",278653.9702,186145.925,202462.9,247005,273254.5,304065.75,369634.1,402411.2
"Kano","Ungogo",888851.0263,722034.475,745213,819619.75,878911.5,947750.25,1068039,1117253.975
"Kano","Warawa",194546.6469,129462.05,141291.5,172429.75,190871.5,212429,257679.8,280756.9
"Kano","Wudil",214437.4466,149535.25,159889.3,192225.25,212669,234081.25,274005.3,289276.2
"Katsina","Bakori",343485.3825,188517.35,209548.15,280230.75,329889,389360.5,519620.95,586783.575
"Katsina","Batagarawa",282857.8007,152194.2,170115.5,229606.25,271767.5,320867.25,431671.4,488893.775
"Katsina","Batsari",295853.2455,152898.625,172150.7,237561,283616.5,337912,459510.4,520525
"Katsina","Baure",282913.3943,145368.575,164769.9,227184.25,271454,322635,441462.9,497608.5
"Katsina","Bindawa",270062.0589,139521.05,156705.35,216829,259221,308215.25,419242.7,477720.85
"Katsina","Charanchi",217790.0756,112039,125922.65,174227.25,208427,249288.75,338691.45,384362.15
"Katsina","Dan Musa",208161.8005,107378.8,120543.15,166891.5,199227,237792.75,322780.3,367105.925
"Katsina","Dandume",195180.2562,100152.95,113834.6,156786.75,187269,223247.25,302752.2,343020.9
"Katsina","Danja",193836.3891,100185.175,112829,155751,185917,221028.5,301228.5,340565.625
"Katsina","Daura",128285.2161,93244.825,98182.6,114012,126162,139894.5,164793.2,176064
"Katsina","Dutsi",107271.9371,55057.625,62280.95,86205,102912.5,122241,167050.1,189227.2
"Katsina","Dutsin Ma",306901.7631,199473.775,214785.85,263271,298177,340939.75,425048.25,466415.15
"Katsina","Faskari",284888.0698,146830.6,165273.2,228622.75,273306.5,325444.5,441780.6,500581.874999999
"Katsina","Funtua",390558.0188,279766.575,295447.75,345658.75,382969.5,427522.5,507351.05,544139.65
"Katsina","Ingawa",208269.0558,107191.075,121402.8,167405,199878,237500.75,323489.95,367300.85
"Katsina","Jibia",255795.794,131780.125,148348.25,204884,244558,292534.75,395820.8,452027.875
"Katsina","Kafur",330098.0645,169928.575,191996.15,265221.75,316574.5,377274.5,513956.85,584039.075
"Katsina","Kaita",252803.7792,130778.475,146897.85,202902.5,242521.5,288146.5,392398.75,446422.85
"Katsina","Kankara",353637.3234,182689.175,205696.6,283695.5,339052.5,404093,549297.05,622569.75
"Katsina","Kankia",200213.4404,103018.725,116043.55,160447.25,191779,228922.75,311458.3,352397.825
"Katsina","Katsina",644651.8899,462147.5,496074.95,580653.5,639105,700348.25,809078.6,860776.175
"Katsina","Kurfi",178314.8615,92069.55,103495.7,143011.5,170934,203957,276393,313601.025
"Katsina","Kusada",115261.2444,59703.675,66711.1,92335.75,110529,131544,179199.75,202803.975
"Katsina","Mai'Adua",170186.8688,87663.875,99230.1,136923.25,163149.5,194294.75,265067.1,299438.65
"Katsina","Malumfashi",380846.0196,249293.8,267105.45,326984.75,369147.5,421410.75,528240.95,582503.775
"Katsina","Mani",309711.905,159658.65,180552.2,248787,297004.5,353454.25,481418.6,545677.175
"Katsina","Mashi",308926.5094,159054.975,179812.55,248174.25,296668,352402.25,480505.35,543329.5
"Katsina","Matazu",158285.2705,81685.95,91825.7,127040,151762.5,180730,246258.45,278842.275
"Katsina","Musawa",178815.7823,92433.7,103794.75,143532.75,171396.5,204466.75,277536.3,316160.225
"Katsina","Rimi",303304.7314,156502.25,175926,243641.75,290806,346315.5,470891.1,534195.199999999
"Katsina","Sabuwa",146364.4222,75168.875,85063.45,117499.75,140263,166899.5,227600.25,258250
"Katsina","Safana",233431.1054,119941.725,136015.45,187165.75,223460,267189.5,361895.4,409692.225
"Katsina","Sandamu",103430.8879,53426.475,59915.6,82970,99008,118338.5,161093.3,182466.525
"Katsina","Zango",164024.6486,84180.575,96097.15,132032.5,157169.5,187282.5,255608.8,289757.15
"Kebbi","Aleiro",64228.5316,45880.95,48225.95,56185.75,62458.5,70123.75,85390.5,92665.8
"Kebbi","Arewa Dandi",249083.8789,179641.975,194072.45,227734.25,247425.5,267752.5,307801.4,327984.525
"Kebbi","Argungu",227949.1784,177948.775,185299.25,207160,223533,242595.25,283265.25,302179.65
"Kebbi","Augie",108214.5644,78954.025,84812.5,99329.5,107956.5,116515.75,132760.05,139624.375
"Kebbi","Bagudu",347390.3716,232670.575,249240.4,312625.25,350942.5,383766.5,432278.35,450105.45
"Kebbi","Birnin Kebbi",422641.7664,318961.375,335666.45,381310.25,416242,455800.25,530266,558937.65
"Kebbi","Bunza",167071.2602,120647.425,130034.3,152673,166182,179762.25,206601.5,220561.725
"Kebbi","Dandi",150372.6405,108435.9,117118.65,137298,149383,161687.25,185398.15,198271.175
"Kebbi","Fakai",136543.425,98533.725,106433.8,124824,135639.5,146837.5,168385.9,180756.325
"Kebbi","Gwandu",203207.2411,146582.2,158746.1,185741,201767.5,218392.25,250673.2,267886.35
"Kebbi","Jega",194743.1176,147818.4,153834.35,173921.5,190463.5,210284.25,247731.85,266908.625
"Kebbi","Kalgo",111759.5731,80743.775,87052.35,102083,110938,120104.25,137957.2,147868.975
"Kebbi","Koko-Besse",170600.358,129844.95,137161.95,157076.75,170148,183226.5,205706.3,214480.425
"Kebbi","Maiyama",196149.6071,143270,153553.75,179481.5,195581.5,211267.75,240632.6,252413.3
"Kebbi","Ngaski",129342.3709,93494.525,100809.55,118183.5,128445.5,139001.5,159739.5,170625.725
"Kebbi","Sakaba",132836.212,102822.675,108013.8,121823,131258.5,141583.5,162885.9,173182.55
"Kebbi","Shanga",183220.0049,144313.9,150917.7,168676.5,181300,195274.25,222670.55,235084.175
"Kebbi","Suru",190251.4035,143530.8,152175.3,174578.5,189151,204517.5,231136.4,242992.025
"Kebbi","Wasagu-Danko",337427.9165,277785.925,286517.85,314283,334699.5,357511,396223.6,411639.175
"Kebbi","Yauri",101747.1478,69567.85,73672.45,87352.5,98573,112328.75,139090.7,153398.625
"Kebbi","Zuru",227102.4801,175557.575,183369.9,206475.75,224003.5,243454,278964.05,294816.175
"Kogi","Adavi",272742.9786,188440,199813.5,237217.75,265696,300076.25,366636.3,394636.95
"Kogi","Ajaokuta",114023.6088,71515.025,76483.5,93762.75,107962.5,126868.75,169516.6,189642.35
"Kogi","Ankpa",260857.9453,110681.05,126909.7,188609.75,235583.5,304142.5,468033.85,553229.825
"Kogi","Bassa",105978.6511,45181.525,52024.65,76968,95823.5,123177.5,190084.55,222883.1
"Kogi","Dekina",398693.1336,170134.825,194242.3,288544.25,360754.5,464345.5,717207.65,836010.149999999
"Kogi","Ibaji",66559.1411,28305.825,32471.4,48221,60214,77437.5,118307.35,138502.025
"Kogi","Idah",35322.7548,15007.975,17184.05,25365,31956,41078,63706.1,74429.275
"Kogi","Igalamela-Odolu",158820.4843,67507.975,77386.8,114607.5,143477.5,185237.75,284862.65,334596.625
"Kogi","Ijumu",100911.8984,42452.85,48887.55,72386.25,90985.5,117755.5,181870.55,212605.05
"Kogi","Kabba-Bunu",142515.4472,90116.95,95820.7,117926.5,136376.5,159584.25,209068.85,231924.525
"Kogi","Kogi",68992.1184,29478.325,33652.9,50016.25,62370.5,80444,123292.55,144958.4
"Kogi","Lokoja",248124.0701,174622.525,183831.65,215411,240756,271959.5,334327.8,365148.525
"Kogi","Mopa-Muro",40492.2346,16986.5,19660.7,29095.5,36556,47284.75,72754.0499999999,85062.9
"Kogi","Ofu",161173.9098,68510.225,78538.2,116955.5,145859.5,187980.25,289157.6,337342.95
"Kogi","Ogori-Magongo",19590.8858,8264,9466.5,14108.25,17717,22850,35158.65,41472.1
"Kogi","Okehi",49835.537,33791.875,35659.5,42397,48150.5,55118.75,69326,76179.275
"Kogi","Okene",191612.6155,132592.825,141103.1,166625.75,186370,210837.75,257293.05,278326.675
"Kogi","Olamaboro",209983.6833,89140,102280,151415.5,189811,244799.75,376392.55,441851.125
"Kogi","Omala",96743.6379,41405.4,47247.15,70064.25,87472,112431.75,173032.2,202700.7
"Kogi","Yagba East",67100.3064,28036.85,32253.95,48039.25,60523.5,78299,120752.55,141594.6
"Kogi","Yagba West",56595.771,23965.725,27271.95,40500.5,51020.5,66155.25,101879.05,120271.575
"Kwara","Asa",136305.6814,84260.525,90287.75,111759.25,129507.5,152122.5,204181.4,229246.625
"Kwara","Baruten",267678.6119,113924.625,131035.7,193745.25,241895.5,311486.5,477701.05,561069.325
"Kwara","Edu",125798.2986,53505.025,61365.7,91120.75,113602,146380.75,225406.85,265433.425
"Kwara","Ekiti",32178.961,13436.925,15531.8,23082.75,29027,37631,57962.5,68442.725
"Kwara","Ifelodun",117189.7347,49769.4,56863,84543,105883.5,136541.5,210335.9,248392.375
"Kwara","Ilorin East",700643.2818,491852.1,520459.6,614884.5,684595,765085.75,928746.85,1009359.275
"Kwara","Ilorin South",62561.5689,38489,42357.55,52965.5,60718.5,69708.5,88869.7499999999,97715.55
"Kwara","Ilorin West",345260.7176,238476.825,253979,300970.25,337125,379074.5,462606.45,501063.025
"Kwara","Irepodun",104900.4311,43809.375,50714.05,75084.5,94766,122674.5,188931.7,221630.85
"Kwara","Isin",31856.3086,13415.75,15407.95,22883.25,28778.5,37231.5,57251.05,67414.75
"Kwara","Kaiama",196830.9889,83986.775,96165.25,142627,177884.5,229088.5,351094.15,414672.875
"Kwara","Moro",143596.2226,70194.875,78040.6,108203.5,131490,164772.25,243714.5,283845.75
"Kwara","Offa",126926.4981,85987.925,91862.9,109981.5,123566.5,140163.25,171978.85,186273.275
"Kwara","Oke Ero",33677.6618,14070.725,16285.75,24023,30354.5,39380.25,60791.4,71323.45
"Kwara","Oyun",88494.5817,59603.925,63156.9,75362.5,85484.5,97823.25,123092.95,135211.1
"Kwara","Pategi",77336.6459,33043,37773.55,55868.5,69882,90120.5,138222.7,163460.225
"Lagos","Agege",289449.7823,196861.6,209505.45,249154,281708,320460.75,395992.95,428440.9
"Lagos","Ajeromi-Ifelodun",314222.5886,183500.225,198570.15,252164.5,300170.5,358764.5,475849.55,527268.7
"Lagos","Alimosho",2079944.1189,1465968.4,1541959.45,1800234,2014101.5,2285089,2819279.45,3090932.85
"Lagos","Amuwo Odofin",377541.2873,284024.3,296227.3,333860.75,367006.5,408052.5,493519.25,529741.5
"Lagos","Apapa",271369.4581,181513.475,193519.35,230253.75,262526,302707.25,377837.3,408702.8
"Lagos","Badagry",663729.649,482254.65,506667.9,582507.25,645858,722243.5,878426.35,943145.925
"Lagos","Epe",202902.058,166677.475,171928.8,188280,200855.5,215246,239880.75,250226.5
"Lagos","Eti Osa",493328.1549,375632.55,392138.9,442284.5,482918.5,531893.5,629193.85,671115.225
"Lagos","Ibeju Lekki",302704.1231,251021.95,257799.05,280983.25,299069,321321,357376.55,372105.075
"Lagos","Ifako-Ijaye",297182.406,210603.65,221078.85,257812.75,288512,326724.75,398146.8,433548.9
"Lagos","Ikeja",307583.9476,222982.725,234220.1,269715.5,299768,336795.5,405064.45,436781.2
"Lagos","Ikorodu",1241907.3153,891911.175,934048.2,1083596.5,1206069,1353844,1669797.7,1789401.7
"Lagos","Kosofe",489892.8572,359328.525,376877.35,432268.75,478639.5,534111,638899.35,684718.925
"Lagos","Lagos Island",44729.8769,26489.95,28815.45,36212,42778.5,50833.25,67148.3,73879.8
"Lagos","Lagos Mainland",269611.8083,181846.25,192737.45,229640,261282.5,299869.5,373197.25,405987.7
"Lagos","Mushin",350625.5487,215876.625,232765.35,289611.25,338148.5,395560.5,512050.3,556514.1
"Lagos","Ojo",695867.6416,492006.725,521829.3,605070.5,673620,761034.75,941520.699999999,1015039.95
"Lagos","Oshodi-Isolo",557312.4779,389586.75,410339.15,482222,542716.5,613992.75,751632.25,810830.15
"Lagos","Shomolu",151658.4182,98184.475,105085.4,127617.5,146794,169663.75,212872.9,231933.3
"Lagos","Surulere",118282.3147,69839.8,75569.75,95543.5,112952.5,134939.25,178012.35,196889.075
"Nasarawa","Akwanga",100919.687,47032.825,56251.1,82872.75,98056.5,113950.75,153459.85,174524
"Nasarawa","Awe",181481.1166,84421.375,100926.7,148764.25,176065,205759.5,276404.8,314255.9
"Nasarawa","Doma",1051199.328,654849.35,716049.35,908179.75,1028931,1157978.5,1447163.2,1603431.3
"Nasarawa","Karu",715324.7288,501807.025,533707.55,631231.5,702987.5,780966.5,936325.65,1005325.85
"Nasarawa","Keana",114682.9795,53516.475,63361.85,93434.25,110903.5,130222,176076.85,201465.2
"Nasarawa","Keffi",191251.8254,118201.675,128082.7,161335,186672,213955,269374.45,297065.775
"Nasarawa","Kokona",232705.6638,128089.975,144969.45,197179.5,226958,258528.25,335668.4,377406.825
"Nasarawa","Lafia",238548.817,110996.075,132565.65,195368,231342,270081.25,363215.9,416082.175
"Nasarawa","Nasarawa Egon",59682.0206,27861.575,33295.55,48922.75,57851.5,67553,90646.4999999999,103259.5
"Nasarawa","Nasarawa",331586.5174,154705.125,184009.95,272034.5,321780,375016.75,505418.25,576133.275
"Nasarawa","Obi",255526.0245,119207.4,141592.65,209400,247528.5,289312,390981.65,447254.775
"Nasarawa","Toto",131405.2564,61576.05,73223.65,107863,127579.5,148609.75,199885.45,226755.725
"Nasarawa","Wamba",229804.4865,107678.725,128017.1,188746,223145.5,259634.5,350426.25,397969.6
"Niger","Agaie",101623.4442,43398.375,49771.5,73558.5,92181.5,118460,181790.7,210959.35
"Niger","Agwara",94013.5595,39804,45815.8,68053,85265,109688.5,168002.95,196082.425
"Niger","Bida",192094.2912,123422.425,132839.05,160950,183764,211445,278481.25,311746.775
"Niger","Borgu",346423.7272,180844.55,199063.85,266898.75,320631.5,394435,570146.4,657844.95
"Niger","Bosso",243502.3645,149893.625,160766.05,198993.5,230135,271206.5,367376.5,413916.4
"Niger","Chanchaga",373749.9565,267684.475,282329.95,329602,365105,407407.5,492736.25,530406.475
"Niger","Edati",46732.155,19860.95,22897.9,33919.25,42273.5,54493,83482.9,97550.85
"Niger","Gbako",149714.3601,64341.9,73959.3,109110.75,135662.5,173953.75,266231.1,311827.95
"Niger","Gurara",90065.9321,38403.825,44091.85,65175.75,81486,105078.25,160628.7,188305.175
"Niger","Katcha",156301.111,66931.425,76618.9,113509.5,141505.5,181812.5,278862.6,326672.625
"Niger","Kontagora",235330.715,153685.35,163240.5,196365.75,225030,260180.25,341047.95,378108.2
"Niger","Lapai",200332.5991,85611.925,97593.85,145186.5,180945.5,233304,358800.55,420843.525
"Niger","Lavun",192370.8039,81750.625,93781.2,138861.5,174273,223550.25,343891.75,401694.475
"Niger","Magama",296466.9599,126556.4,144535.6,214429.75,268889,345039,530710.8,620001.35
"Niger","Mariga",373467.9393,159215.65,182313.5,270608.75,338850,435652.75,668303.5,775215.324999999
"Niger","Mashegu",665585.148,283764.3,325155.6,482123.5,604276,774878,1193314.95,1385204.85
"Niger","Mokwa",249665.4491,106430.375,121570.55,180893.75,225962.5,290551,447993.1,525155.85
"Niger","Munya",87478.3836,37212.825,42649.35,63395.25,79042,101825,155827.1,182684.6
"Niger","Paikoro",209495.0342,90858.825,103793.45,152687.5,189751,243019.5,372040.8,434787.4
"Niger","Rafi",274147.6576,116805.4,133853.05,198886.75,248155.5,319194,489088.65,572265.8
"Niger","Rijau",216913.794,92613.25,106039.1,157186.75,196626.5,252274.25,387204.35,450214.35
"Niger","Shiroro",279214.1438,119300.1,136626.45,202688.75,252707,324404,497669.35,584897.074999999
"Niger","Suleja",378903.3349,256479.55,274806.8,330847.25,370053.5,416135.75,509800.3,553530.55
"Niger","Tafa",64666.1473,40787.625,43470.9,53649,61770.5,72068,94870.35,106444.525
"Niger","Wushishi",107715.4618,45855.125,52404.85,78173,97466.5,125306,192577.75,224727.725
"Ogun","Abeokuta North",480407.4367,334412.225,351006.05,416482.25,465641.5,526474.25,649639,703479.075
"Ogun","Abeokuta South",421468.1478,278138.675,295595.35,358662,407586.5,466071.5,587418.45,641766.975
"Ogun","Ado Odo-Ota",2181858.3981,1389171.9,1494661.8,1834489.5,2096976,2424228.5,3121443.1,3430929.95
"Ogun","Ewekoro",162392.4242,80679.975,93243,130010.75,152094.5,180295.75,267747.95,314712.375
"Ogun","Ifo",1702206.4222,1049607.775,1139810.65,1417524.25,1631071,1899980.5,2470897.2,2731702.725
"Ogun","Ijebu East",251168.8993,121564.925,142353.6,200025.25,235147.5,278861,416994.75,492531.1
"Ogun","Ijebu North East",71026.7435,40425.375,44940.65,58462.75,67230,78403.5,109499.9,126957.725
"Ogun","Ijebu North",324306.3666,202148.4,219525.45,273581.25,308966,354618,475768.05,544366.325
"Ogun","Ijebu Ode",276590.8744,190053.55,200049.45,238239,267931,303597.5,378891.05,411386.8
"Ogun","Ikenne",161192.2676,102128.325,110298,136380.5,154087.5,176885.75,234501.75,262093.125
"Ogun","Imeko Afon",124616.7659,56815.375,67756,97692.25,115996.5,139259.5,211227.5,251611.3
"Ogun","Ipokia",213243.5909,98911.6,116392.5,167596.5,198761,237754.5,360927.4,426804.95
"Ogun","Obafemi Owode",923165.1933,614255.25,658535.35,786957,891343,1022705.5,1286823.85,1415161.75
"Ogun","Odeda",306342.9261,201531.375,215196.3,259994.5,294900.5,337650.75,432008.55,479951.975
"Ogun","Odogbolu",257516.9667,170300.925,181696.65,218639,247533.5,282701.75,363536.35,400831.3
"Ogun","Ogun Waterside",60566.6031,27740.45,33050.15,47690,56451,67730.25,102189.2,121761.65
"Ogun","Remo North",71985.9284,33156.075,39364.8,56384.5,67025,80203.25,121812.45,144785
"Ogun","Shagamu",749083.3312,493725.775,529145.55,637824.5,722650,827405.25,1042874.9,1143259.25
"Ogun","Yewa North",359098.1154,165468.425,195681.55,282106.75,334325,400258.25,605870.399999999,721191.275
"Ogun","Yewa South",408282.2461,187496.55,219990.65,318858,379611.5,457454.75,692188.65,820033.324999999
"Ondo","Akoko North East",158926.0442,78227.875,92017.4,129444.5,151201,177341,251651.55,290055.95
"Ondo","Akoko North West",131582.9604,64958.175,76264.9,107102,125326,146740.5,207114.9,238904.025
"Ondo","Akoko South East",42489.843,20825.725,24563.85,34569.5,40546.5,47396,67189.1,77571.025
"Ondo","Akoko South West",157666.4123,77706.475,90984.85,128155.75,150261.5,175801.25,248541.95,287706.7
"Ondo","Akure North",295888.966,145884.925,170613.45,240906.25,281842.5,330529,465085.45,540055.675
"Ondo","Akure South",628879.3949,304264.875,361009.2,506553,597345.5,707542,995171.349999998,1160587.1
"Ondo","Ese Odo",82564.181,40647.325,47711.7,67396.5,78729.5,92148,130175.05,150927.4
"Ondo","Idanre",195789.497,96517.175,112917.8,159923.25,186808.5,218261.75,307636.85,357741.475
"Ondo","Ifedore",487590.6749,239064.075,280049.55,394814.75,463844,545935,770871.25,897084.775
"Ondo","Ilaje",181092.4281,88899.475,104673.35,147950.25,172719,201925,285093.95,330367.575
"Ondo","Ile Oluji-Okeigbo",318441.3199,157131.025,183330.05,259429,303589,355272.5,500329.3,580967.45
"Ondo","Irele",129109.431,63084.05,74495.2,105257.75,122985,144063.5,203755.5,234732.775
"Ondo","Odigbo",313697.4267,154516.175,181416.5,255877.5,299079,349539.25,495738.6,572006.124999999
"Ondo","Okitipupa",220973.6764,108766.95,127416.75,179762,210493,246547.5,350290.1,403364.45
"Ondo","Ondo East",30143.2331,14912.75,17365.85,24538,28688,33675.75,47468.45,55141.5
"Ondo","Ondo West",247654.2394,121491.275,142333.2,200850.25,235752.5,276795.25,390045.1,453194.625
"Ondo","Ose",149099.1579,73206.85,86206.55,121683.25,142140,166416.25,233909.1,271898.075
"Ondo","Owo",322048.5146,158916.85,185784.9,262528.5,306729.5,359393.5,505976.7,586478.3
"Osun","Atakunmosa East",62425.1518,30755.325,35971,50771.5,59554.5,69775.25,98112,114574.375
"Osun","Atakunmosa West",80596.676,40731.725,47786.45,66059,76996.5,89686,125189.4,145049.025
"Osun","Ayedade",168276.297,82978.675,97392,137193,160493.5,187963,263744.55,305593.125
"Osun","Ayedire",81930.2361,58408,61834.3,72351.75,79918.5,89374.75,107821.3,116481.225
"Osun","Boluwaduro",55667.3489,28903.525,33463.35,45823.75,53197.5,61825,85589.2499999999,98467.8749999999
"Osun","Boripe",217356.1805,151695.225,160424.9,190790.25,212470.5,238160.5,287647.6,314718.975
"Osun","Ede North",123142.6297,84823.65,90297.95,107369,119976,134966.25,165771.2,179554.825
"Osun","Ede South",132007.7409,94135.8,99264.85,116466.25,129197.5,144300.75,173396.6,186865.6
"Osun","Egbedore",258518.0427,178706.25,190895.8,226508.75,252278.5,284205.75,342778.6,375430.325
"Osun","Ejigbo",154442.7162,108896.625,115188.65,135809.25,150862,168363,205034,223098
"Osun","Ife Central",177299.6898,123911.425,131431.9,155172.75,173048.5,193644.25,236164.4,257811.225
"Osun","Ife East",447689.4668,304776.95,325422,389664,435678.5,490857.5,602953.45,663909.45
"Osun","Ife North",125852.2472,62368.175,72728.6,102663.5,119898.5,140214.5,196994.55,228245.375
"Osun","Ife South",137428.9051,67717.675,79402.9,112015.5,131188,153626.5,216020.5,250899.3
"Osun","Ifedayo",24143.4722,11876.65,13921.5,19655.75,23005.5,26956.5,38268.2,43979.15
"Osun","Ifelodun",133773.669,93884.95,99997.75,117409,131062.5,146403.25,176531.55,191059.625
"Osun","Ila",105478.0964,74150.45,78299.9,92536.75,103078,115640,139119.75,150621.05
"Osun","Ilesha East",212828.0633,149416.35,158902.9,187195.75,207966,232977.5,281117.35,304530.45
"Osun","Ilesha West",293358.9551,201321.15,214306.25,255197.75,286345.5,322044.25,396810.85,432656.3
"Osun","Irepodun",252.3734,115,136,195,237,290,415,485
"Osun","Irewole",163152.9011,115034.125,121080.05,142923.5,159146.5,178174.75,217757.1,235486.925
"Osun","Isokan",105830.7954,75279.4,78864,92849.75,103190,115689.5,140358.45,151387.6
"Osun","Iwo",314403.1672,215664.75,228618.25,272927.75,306731,345149.5,423226.55,464858
"Osun","Obokun",116153.1403,57434.95,67177.35,94694.5,110691,129602.5,182856.3,212098.8
"Osun","Odo Otin",157932.853,107979,115214.3,137994.25,153737,171915.75,214086.05,234760.875
"Osun","Ola Oluwa",57148.2376,28281.875,33084.95,46511,54511.5,63833.25,89549.2,103999.775
"Osun","Olorunda",283263.6037,201286.95,211986.5,249177,277003,309841.5,373341.45,403519.025
"Osun","Oriade",161227.8086,79138.65,93178.75,131270.25,153779,179733.75,253148.8,293982.525
"Osun","Orolu",127308.5249,87239.825,92866.6,110663.75,123993.5,139693,172055.25,187527.775
"Osun","Osogbo",268329.5385,179428.7,192918.6,232816.75,261042.5,295186.75,363810,398129.325
"Oyo","Afijio",124193.2962,99645,103128.5,114096.5,122277.5,132074,152067.8,160849.325
"Oyo","Akinyele",466424.4162,364607.35,379521,426774.75,462324,500397.25,568173.95,593419.7
"Oyo","Atiba",85458.0059,69976.775,72252.35,79111.75,84569,90696.5,101916.45,106203.2
"Oyo","Atisbo",98580.9121,76045.375,79812.25,90445,97432,105533.25,120755,127360.575
"Oyo","Egbeda",668543.0925,455027.475,486245,594844.25,666994.5,737509.75,853734.45,899400.6
"Oyo","Ibadan North East",367239.7494,247732.7,267206.45,321147,360843.5,406743.25,485355.55,522613.825
"Oyo","Ibadan North West",103405.5133,72131.85,76050,88557,99730,113618,143207.1,156339.1
"Oyo","Ibadan North",138047.5151,100339.875,105764.8,121813.75,134795,150865,181032.9,191621.4
"Oyo","Ibadan South East",230667.9071,166671.85,174985.15,204261.5,226339.5,251803.75,299813.45,318655.35
"Oyo","Ibadan South West",261598.0926,191734.725,200896.25,232747.75,256894.5,285972.25,336069.45,356016.35
"Oyo","Ibarapa Central",77305.3312,57111.5,61005.6,70501.75,76722,83290.75,95578.8,100909.425
"Oyo","Ibarapa East",97181.8493,75863.65,79451.65,89307.75,96227,103862,118624.85,124676.175
"Oyo","Ibarapa North",78839.6793,60958.85,63711.95,71767,77214,84053.5,98972.0999999999,107016.45
"Oyo","Ido",531508.5826,435055.25,448660.55,492885.5,525545.5,563986,631545.6,659960.975
"Oyo","Irepo",83762.3396,64038.7,66497.45,74954.25,81624,90101.75,107909.5,117833.7
"Oyo","Iseyin",279277.0715,206972.5,218250.95,255294.75,278603,302263.25,341472.2,356197.475
"Oyo","Itesiwaju",58569.7028,44504.95,47010.85,53531.25,57882,62844.5,72423.95,76855.05
"Oyo","Iwajowa",79102.9911,61423.725,64161.6,71906,77475.5,84336,99349.1,106515.225
"Oyo","Kajola",89013.0774,67625.375,71632.95,81565.75,88154.5,95407.25,108943.45,114953.55
"Oyo","Lagelu",564982.121,453606.9,470982.3,521836.75,560181.5,602299.5,674494.15,705772.575
"Oyo","Ogbomosho North",281077.3965,224345.425,232586.75,258226,277596,299761,341108.1,357872.45
"Oyo","Ogbomosho South",157331.0128,120491.625,125834.6,142498.5,155175,169476.25,196172.75,206480.4
"Oyo","Ogo Oluwa",62500.1543,47434.7,50134.8,57063.75,61733.5,67079.25,77300.4,82023.025
"Oyo","Olorunsogo",70640.7478,53259.95,56052.9,64348.75,69899,75933.5,87809.05,94326.025
"Oyo","Oluyole",449083.4721,347451.1,360985.7,403291.75,439098,483429.25,570791.6,605939.925
"Oyo","Ona ara",286940.3863,211246.1,219760.75,252513.5,279252.5,312551.75,378796.1,407205.825
"Oyo","Orelope",84976.4859,63632.45,67106.4,77174.5,83759.5,91211.75,106611.25,114111.2
"Oyo","Ori Ire",134256.6151,107166.8,110965.95,122678,131649,142808,166390.15,177419.025
"Oyo","Oyo East",54995.8172,41376.6,43467.7,49475,54114,59497.25,69394,73352.475
"Oyo","Oyo West",359851.8343,286743.95,296280.55,328487,354326,384631.75,443039.35,467082.55
"Oyo","Saki East",67689.8475,51992.4,54589.3,61671,66437.5,72302.25,84863,91176.025
"Oyo","Saki West",345995.7826,262693.1,277393.9,317733,344276.5,372786.5,419581.35,435788.65
"Oyo","Surulere",83792.3138,65914.775,68344.5,76434.75,82267.5,89241.25,103908.85,111866.675
"Plateau","Barkin Ladi",164746.9802,79126.6,89055.3,122995.25,151811.5,191721.25,281687.5,327203.45
"Plateau","Bassa",156916.9571,84430.875,92461.55,121718.5,145916.5,179654.25,254468.9,292073.35
"Plateau","Bokkos",207532.9151,99561.925,112267.6,154236.25,191227.5,241869,356068.95,410472.525
"Plateau","Jos East",39962.1055,19188.75,21532.75,29762.5,36788.5,46544,68350.35,79638.825
"Plateau","Jos North",591220.0381,423942,446114.85,518735.75,575625,644582.75,780317.35,845617.95
"Plateau","Jos South",638303.9279,450109.95,477597.75,556665.75,622059.5,700474.25,848668.85,919541.775
"Plateau","Kanam",147705.7514,79771.325,87355.7,113942.25,139196,170475.5,239230.15,267388.325
"Plateau","Kanke",78068.0958,37532.95,42132.9,58053.25,71955.5,91134,133426.95,154465.05
"Plateau","Langtang North",176966.6896,84936.375,95759.95,131262.5,163242.5,206486.25,304337.8,352243.4
"Plateau","Langtang South",119852.4549,57606.075,64694.3,89117.25,110564.5,139651,205470.7,236860.025
"Plateau","Mangu",255320.0747,122167.475,137561.45,189734.25,235305.5,297483.25,437637.7,506337.8
"Plateau","Mikang",79835.586,38298.8,43092.15,59461.25,73692.5,93209.5,136451.55,157645.625
"Plateau","Pankshin",145838.7101,70054.275,78663.35,108326.75,134412,169926.25,250243.35,288532.875
"Plateau","Qua'an Pan",243570.3054,116905.1,131772.4,181092,225080,283825,416735.65,481025.525
"Plateau","Riyom",89838.8039,43143.525,48650.3,67037.25,82901.5,104508.75,153457.2,176721.475
"Plateau","Shendam",288083.6957,138080.625,155734.75,214046,265983,336314.25,493883,569170.2
"Plateau","Wase",215512.0893,103498.05,116367.7,160440.5,199122.5,251056.75,368053.45,427692.225
"Rivers","Abua-Odual",79308.2319,32532.55,37920.85,59166,73652.5,91498,138733.05,166753.575
"Rivers","Ahoada East",229578.8606,117510.35,131468.4,181232,216354.5,259315.75,370050.15,434722.825
"Rivers","Ahoada West",71769.4543,29414.275,34074.7,53580.5,66629.5,82618,124646,148394.675
"Rivers","Akuku Toru",17421.8093,7130.95,8247.75,12960.75,16098.5,20129.5,30440.65,36759.025
"Rivers","Andoni",77340.6728,31402.125,36612.5,57248.5,71638,89112.5,134784.5,163523.85
"Rivers","Asari-Toru",29774.0471,17521.725,19123.95,24847,28852,33451,43380.9,48062.8
"Rivers","Bonny",107203.6285,62762.2,68694.15,89707.25,104315.5,120505.5,156217.55,171413.85
"Rivers","Degema",65368.1932,40564.6,44055,54823,62891,72359.25,94649.1,108347.125
"Rivers","Eleme",241243.51,151621.725,164625.85,206203.75,235920,267851.25,336069.8,365010.35
"Rivers","Emuoha",202552.0636,83053.075,96620.45,151274,188044.5,233081.25,353703.85,421802.9
"Rivers","Etche",458612.1284,234350.65,261239.35,361145.75,431402,516350,742069.549999999,878809.699999999
"Rivers","Gokana",155276.2184,63516.975,74031.8,115253.75,143561,179580.75,270425.95,326099.65
"Rivers","Ikwerre",366636.2599,239062.375,254157,311461.75,353803,404259.25,517896.35,587167.875
"Rivers","Khana",305501.9701,125040.925,145185.05,227272.5,282620,352006.5,533582.05,643616.275
"Rivers","Obio-Akpor",1461953.462,998843.475,1070526.4,1275751.25,1428279,1607087.75,1938259.4,2111391.225
"Rivers","Ogba-Egbema-Ndoni",386531.4035,255660.475,274488.35,331917,374883.5,426251.5,537523.15,598486.725
"Rivers","Ogu Bolo",15215.7634,9585.775,10394,12828,14696,16901.5,21817.85,24280.275
"Rivers","Okrika",105224.8946,56482.925,63646.95,86676.5,102336,118946.25,156052.5,174625.75
"Rivers","Omumma",117634.6099,48138.65,55938.7,87765,109061,135361.5,204894.45,246812.275
"Rivers","Opobo-Nkoro",3459.9782,1376.95,1616.9,2506,3168.5,4026.25,6224.15,7489.69999999999
"Rivers","Oyigbo",255102.0291,170236.725,181383.85,217479.5,247015.5,281249.75,355914.8,396484
"Rivers","Port-Harcourt",482981.1439,316935.875,340149.1,417752.5,472085.5,533339.5,657916.15,716338.2
"Rivers","Tai",54218.2899,22529.675,26219.8,40544.75,50291,62286,94388.3,113288.625
"Sokoto","Binji",90210.7359,52392.875,58934.75,77000,87019,98731.25,131612.35,149697.575
"Sokoto","Bodinga",341899.6374,198407.5,223887.65,292296,330012,374005,499883.75,566701.175
"Sokoto","Dange Shuni",428866.768,263181.3,293857.05,370443.75,416027.5,467021,607144.3,681362.075
"Sokoto","Gada",331188.3633,191813,216908.65,282919.75,319452.5,362151.25,484049.35,552119.3
"Sokoto","Goronyo",191742.7709,111259.85,125698.3,163971,184953.5,209598.25,280424.75,318569.15
"Sokoto","Gudu",131624.8557,76182.225,86050.7,112340.75,126892.5,143951.75,193272.35,220101.175
"Sokoto","Gwadabawa",237214.6359,137852.9,154960.85,202744.75,229055.5,259449,345045.7,392947.325
"Sokoto","Illela",240249.9169,139802.725,157570.2,205085.25,231654,262858.25,350132.2,400575.8
"Sokoto","Isa",170709.1372,99075.7,112096.25,145728.5,164458.5,186815.25,250729,283254.475
"Sokoto","Kebbe",79882.2843,46377.825,52228.8,68305,76980.5,87474.75,116465,133490.025
"Sokoto","Kware",226929.4347,131901.775,148189.75,194001.75,219085,248432.25,331573.4,377358.95
"Sokoto","Rabah",149126.9062,86516.65,97484.7,127323.5,143776,163075.5,217331.6,249163.35
"Sokoto","Sabon Birni",355039.4836,205796.875,233083.85,303808,342255,388462,519349.3,590961.85
"Sokoto","Shagari",179389.1285,104062.275,117526.95,153339,173119.5,196350.25,262152,299060.525
"Sokoto","Silame",93701.9822,54258.6,61315.5,80138.75,90470.5,102521.25,136290.65,155925.525
"Sokoto","Sokoto North",253953.2219,116657.8,132111.9,185647,232983.5,296808.75,440554.05,510228.9
"Sokoto","Sokoto South",361027.999,213329.125,230288.15,293857,345190,410597.75,535794.35,593831.775
"Sokoto","Tambuwal",249066.0156,144544.1,163749.85,213039.75,240169,272337.25,363702.05,413140.725
"Sokoto","Tangaza",150850.6395,87355.15,98591.75,128978.5,145595,165044.75,220898.15,251252.65
"Sokoto","Tureta",87419.7734,50752.75,57011.05,74693,84299.5,95513,127476.15,144767.7
"Sokoto","Wamakko",494374.3569,333799.825,355637,425907,481602.5,546112,671165.1,728853.1
"Sokoto","Wurno",166591.9113,96404.35,108738.05,142300,160588,182552.5,243629.7,276820.6
"Sokoto","Yabo",112112.7358,65031.85,73331.9,95631,108088,122490.75,163835.5,186694.35
"Taraba","Ardo-Kola",129156.5381,55255.8,63415.85,93849.5,117216,150301.5,229760.5,267913.575
"Taraba","Bali",371218.8118,158052.9,180919.25,268737.5,336269,431733.75,663235.65,771410.2
"Taraba","Donga",208365.3826,88928.725,101921.55,150941.5,188370.5,242181.25,372729.75,435567.075
"Taraba","Gashaka",97738.0819,41336.025,47432.15,70322,88382.5,113869.5,175544.85,205632.775
"Taraba","Gassol",551775.3335,234427.5,269116.9,399076.75,500141.5,642277,987544.25,1152053.75
"Taraba","Ibi",112121.6509,47784.35,54740.7,81220.75,101532,130552.25,200563.1,235023.025
"Taraba","Jalingo",319816.9426,232399.05,243706.5,282098.5,313722.5,348100,418377.9,449138.475
"Taraba","Karim Lamido",298359.3257,127304.375,146123.05,216194.25,270536.5,347388.5,533394,624225.75
"Taraba","Kurmi",91719.0622,39023.475,44558.8,66263.25,82947,106750.25,164383,191213.775
"Taraba","Lau",163365.4308,69939.625,80298.45,118677.25,148114,189879.25,292511.75,343011.775
"Taraba","Sardauna",276098.3302,118103.7,134940.5,200056.75,249567.5,321382.75,493286.3,579045.175
"Taraba","Takum",317266.405,135744.1,155394.85,229894.25,286641.5,369617.25,567129.55,667233.5
"Taraba","Ussa",137197.7931,58482.7,66846.75,99102.25,124114,159934,246034.6,288979.575
"Taraba","Wukari",466232.8796,225477.925,251130.9,350946.75,425875,535282.5,797887.699999999,926760.55
"Taraba","Yorro",212386.2648,90615.75,104334.3,154371.75,192682.5,246981.5,378829.8,443416.4
"Taraba","Zing",475688.3857,203727.35,233426.15,345346.75,431348.5,553875.75,848707.4,998116.35
"Yobe","Bade",164042.0041,106618.925,111750,132708.75,156153,187240.75,242152.95,263220.175
"Yobe","Bursari",137131.8983,91412.625,96168.75,116843.75,134624.5,155811.5,184448.95,193237.425
"Yobe","Damaturu",262969.6283,182619.525,192709.3,225229.5,253105.5,288685,362216.2,399946.875
"Yobe","Fika",224547.9183,154200.125,164720.1,197463,219986,246965.75,297925.25,318353.8
"Yobe","Fune",279803.4139,186347.925,197624.25,242736,277214,314685.75,368847.05,388083.7
"Yobe","Geidam",211704.5372,136263.925,148351.55,182386.25,205770,233346.75,296988.05,325454.325
"Yobe","Gujba",232536.0499,133907.125,149895.55,195395.25,223517.5,258933.75,345210.6,386600.925
"Yobe","Gulani",208964.1637,131623.7,143905.2,180158.5,203678.5,231804.75,292581.35,314034.625
"Yobe","Jakusko",169834.2828,118520.35,125602.05,150415,167776,186800.5,220719.65,233768.75
"Yobe","Karasuwa",102878.621,68158.825,73517,89342.5,100623.5,113598.75,140566.15,152091.025
"Yobe","Machina",106158.0236,69327.975,74448.25,90232,101971.5,117231.25,151975.4,167208.55
"Yobe","Nangere",202819.9121,134288.65,144501.6,173293,194914.5,224105.75,286389.5,315919.525
"Yobe","Nguru",160624.3462,112890.65,119122.05,138945.75,156672.5,177659.5,215554.55,232046.7
"Yobe","Potiskum",435233.3322,259899.45,280084.45,353711.25,416478,493474.5,636073.3,712458.325
"Yobe","Tarmuwa",129830.2395,75003.125,83824.6,109082,124922.5,144467,192179.55,215719.175
"Yobe","Yunusari",208196.5167,149441.875,157752.75,182972.5,202786,228064.25,276156.7,296502.175
"Yobe","Yusufari",172082.914,121168.825,128314.85,152337,171042.5,189379.25,220433.1,231868.675
"Zamfara","Anka",147432.8472,114977.85,120997.95,135087.25,145379.5,157444.25,181595.05,191561.2
"Zamfara","Bakura",156087.663,124564.6,128822.8,141667,152503.5,165707.25,197173.15,211099.175
"Zamfara","Birnin Magaji-Kiyaw",195741.5361,157848.6,163480.15,179833.75,192741,207950.5,238671.75,251978.35
"Zamfara","Bukkuyum",237082.1594,172195.85,185457.45,219541,236925,255263.25,286328.5,298451.95
"Zamfara","Bungudu",322814.8375,258927.525,267091.55,293277.5,315597.5,343497,404706.55,431792.4
"Zamfara","Gummi",271521.3309,217486.675,225370.2,248961.25,268374,289845.5,328479.2,343803.8
"Zamfara","Gusau",465871.2747,345159.675,360320.4,411512,453814.5,504638,606677.5,652815.15
"Zamfara","Kaura Namoda",261690.0572,210874.825,217815.65,239448.25,256723.5,278357.25,323711.5,343232.35
"Zamfara","Maradun",181721.3912,140023.825,147465.8,166103.5,178988,194126.25,224512.65,239094.975
"Zamfara","Maru",380663.8793,293759.525,309720.55,348305.5,374857,406175.25,469992.75,500884.3
"Zamfara","Shinkafi",130267.2089,103234.125,106942.1,119346.5,128686,139131,159343.8,167505.45
"Zamfara","Talata Mafara",190256.4587,143810.25,153907.4,175660.25,189169,204038.25,229486.3,241105.2
"Zamfara","Tsafe",264298.4493,211061.625,219226.05,242049.5,259750.5,280772.5,325821.1,345813.225
"Zamfara","Zurmi",251731.8971,199735.95,208578.65,232081.5,248927,268103,305215.7,321769.225
